--
-- PostgreSQL database dump
--

-- Dumped from database version 15.2
-- Dumped by pg_dump version 15.2

-- Started on 2023-06-02 17:05:24

SET statement_timeout = 0;
SET lock_timeout = 0;
SET idle_in_transaction_session_timeout = 0;
SET client_encoding = 'UTF8';
SET standard_conforming_strings = on;
SELECT pg_catalog.set_config('search_path', '', false);
SET check_function_bodies = false;
SET xmloption = content;
SET client_min_messages = warning;
SET row_security = off;

--
-- TOC entry 4 (class 2615 OID 2200)
-- Name: public; Type: SCHEMA; Schema: -; Owner: pg_database_owner
--

CREATE SCHEMA public;


ALTER SCHEMA public OWNER TO pg_database_owner;

--
-- TOC entry 3493 (class 0 OID 0)
-- Dependencies: 4
-- Name: SCHEMA public; Type: COMMENT; Schema: -; Owner: pg_database_owner
--

COMMENT ON SCHEMA public IS 'standard public schema';


SET default_tablespace = '';

SET default_table_access_method = heap;

--
-- TOC entry 221 (class 1259 OID 24990)
-- Name: auth_group; Type: TABLE; Schema: public; Owner: postgres
--

CREATE TABLE public.auth_group (
    id integer NOT NULL,
    name character varying(150) NOT NULL
);


ALTER TABLE public.auth_group OWNER TO postgres;

--
-- TOC entry 220 (class 1259 OID 24989)
-- Name: auth_group_id_seq; Type: SEQUENCE; Schema: public; Owner: postgres
--

ALTER TABLE public.auth_group ALTER COLUMN id ADD GENERATED BY DEFAULT AS IDENTITY (
    SEQUENCE NAME public.auth_group_id_seq
    START WITH 1
    INCREMENT BY 1
    NO MINVALUE
    NO MAXVALUE
    CACHE 1
);


--
-- TOC entry 223 (class 1259 OID 24998)
-- Name: auth_group_permissions; Type: TABLE; Schema: public; Owner: postgres
--

CREATE TABLE public.auth_group_permissions (
    id bigint NOT NULL,
    group_id integer NOT NULL,
    permission_id integer NOT NULL
);


ALTER TABLE public.auth_group_permissions OWNER TO postgres;

--
-- TOC entry 222 (class 1259 OID 24997)
-- Name: auth_group_permissions_id_seq; Type: SEQUENCE; Schema: public; Owner: postgres
--

ALTER TABLE public.auth_group_permissions ALTER COLUMN id ADD GENERATED BY DEFAULT AS IDENTITY (
    SEQUENCE NAME public.auth_group_permissions_id_seq
    START WITH 1
    INCREMENT BY 1
    NO MINVALUE
    NO MAXVALUE
    CACHE 1
);


--
-- TOC entry 219 (class 1259 OID 24984)
-- Name: auth_permission; Type: TABLE; Schema: public; Owner: postgres
--

CREATE TABLE public.auth_permission (
    id integer NOT NULL,
    name character varying(255) NOT NULL,
    content_type_id integer NOT NULL,
    codename character varying(100) NOT NULL
);


ALTER TABLE public.auth_permission OWNER TO postgres;

--
-- TOC entry 218 (class 1259 OID 24983)
-- Name: auth_permission_id_seq; Type: SEQUENCE; Schema: public; Owner: postgres
--

ALTER TABLE public.auth_permission ALTER COLUMN id ADD GENERATED BY DEFAULT AS IDENTITY (
    SEQUENCE NAME public.auth_permission_id_seq
    START WITH 1
    INCREMENT BY 1
    NO MINVALUE
    NO MAXVALUE
    CACHE 1
);


--
-- TOC entry 225 (class 1259 OID 25004)
-- Name: auth_user; Type: TABLE; Schema: public; Owner: postgres
--

CREATE TABLE public.auth_user (
    id integer NOT NULL,
    password character varying(128) NOT NULL,
    last_login timestamp with time zone,
    is_superuser boolean NOT NULL,
    username character varying(150) NOT NULL,
    first_name character varying(150) NOT NULL,
    last_name character varying(150) NOT NULL,
    email character varying(254) NOT NULL,
    is_staff boolean NOT NULL,
    is_active boolean NOT NULL,
    date_joined timestamp with time zone NOT NULL
);


ALTER TABLE public.auth_user OWNER TO postgres;

--
-- TOC entry 227 (class 1259 OID 25012)
-- Name: auth_user_groups; Type: TABLE; Schema: public; Owner: postgres
--

CREATE TABLE public.auth_user_groups (
    id bigint NOT NULL,
    user_id integer NOT NULL,
    group_id integer NOT NULL
);


ALTER TABLE public.auth_user_groups OWNER TO postgres;

--
-- TOC entry 226 (class 1259 OID 25011)
-- Name: auth_user_groups_id_seq; Type: SEQUENCE; Schema: public; Owner: postgres
--

ALTER TABLE public.auth_user_groups ALTER COLUMN id ADD GENERATED BY DEFAULT AS IDENTITY (
    SEQUENCE NAME public.auth_user_groups_id_seq
    START WITH 1
    INCREMENT BY 1
    NO MINVALUE
    NO MAXVALUE
    CACHE 1
);


--
-- TOC entry 224 (class 1259 OID 25003)
-- Name: auth_user_id_seq; Type: SEQUENCE; Schema: public; Owner: postgres
--

ALTER TABLE public.auth_user ALTER COLUMN id ADD GENERATED BY DEFAULT AS IDENTITY (
    SEQUENCE NAME public.auth_user_id_seq
    START WITH 1
    INCREMENT BY 1
    NO MINVALUE
    NO MAXVALUE
    CACHE 1
);


--
-- TOC entry 229 (class 1259 OID 25018)
-- Name: auth_user_user_permissions; Type: TABLE; Schema: public; Owner: postgres
--

CREATE TABLE public.auth_user_user_permissions (
    id bigint NOT NULL,
    user_id integer NOT NULL,
    permission_id integer NOT NULL
);


ALTER TABLE public.auth_user_user_permissions OWNER TO postgres;

--
-- TOC entry 228 (class 1259 OID 25017)
-- Name: auth_user_user_permissions_id_seq; Type: SEQUENCE; Schema: public; Owner: postgres
--

ALTER TABLE public.auth_user_user_permissions ALTER COLUMN id ADD GENERATED BY DEFAULT AS IDENTITY (
    SEQUENCE NAME public.auth_user_user_permissions_id_seq
    START WITH 1
    INCREMENT BY 1
    NO MINVALUE
    NO MAXVALUE
    CACHE 1
);


--
-- TOC entry 231 (class 1259 OID 25076)
-- Name: django_admin_log; Type: TABLE; Schema: public; Owner: postgres
--

CREATE TABLE public.django_admin_log (
    id integer NOT NULL,
    action_time timestamp with time zone NOT NULL,
    object_id text,
    object_repr character varying(200) NOT NULL,
    action_flag smallint NOT NULL,
    change_message text NOT NULL,
    content_type_id integer,
    user_id integer NOT NULL,
    CONSTRAINT django_admin_log_action_flag_check CHECK ((action_flag >= 0))
);


ALTER TABLE public.django_admin_log OWNER TO postgres;

--
-- TOC entry 230 (class 1259 OID 25075)
-- Name: django_admin_log_id_seq; Type: SEQUENCE; Schema: public; Owner: postgres
--

ALTER TABLE public.django_admin_log ALTER COLUMN id ADD GENERATED BY DEFAULT AS IDENTITY (
    SEQUENCE NAME public.django_admin_log_id_seq
    START WITH 1
    INCREMENT BY 1
    NO MINVALUE
    NO MAXVALUE
    CACHE 1
);


--
-- TOC entry 217 (class 1259 OID 24976)
-- Name: django_content_type; Type: TABLE; Schema: public; Owner: postgres
--

CREATE TABLE public.django_content_type (
    id integer NOT NULL,
    app_label character varying(100) NOT NULL,
    model character varying(100) NOT NULL
);


ALTER TABLE public.django_content_type OWNER TO postgres;

--
-- TOC entry 216 (class 1259 OID 24975)
-- Name: django_content_type_id_seq; Type: SEQUENCE; Schema: public; Owner: postgres
--

ALTER TABLE public.django_content_type ALTER COLUMN id ADD GENERATED BY DEFAULT AS IDENTITY (
    SEQUENCE NAME public.django_content_type_id_seq
    START WITH 1
    INCREMENT BY 1
    NO MINVALUE
    NO MAXVALUE
    CACHE 1
);


--
-- TOC entry 215 (class 1259 OID 24968)
-- Name: django_migrations; Type: TABLE; Schema: public; Owner: postgres
--

CREATE TABLE public.django_migrations (
    id bigint NOT NULL,
    app character varying(255) NOT NULL,
    name character varying(255) NOT NULL,
    applied timestamp with time zone NOT NULL
);


ALTER TABLE public.django_migrations OWNER TO postgres;

--
-- TOC entry 214 (class 1259 OID 24967)
-- Name: django_migrations_id_seq; Type: SEQUENCE; Schema: public; Owner: postgres
--

ALTER TABLE public.django_migrations ALTER COLUMN id ADD GENERATED BY DEFAULT AS IDENTITY (
    SEQUENCE NAME public.django_migrations_id_seq
    START WITH 1
    INCREMENT BY 1
    NO MINVALUE
    NO MAXVALUE
    CACHE 1
);


--
-- TOC entry 232 (class 1259 OID 25104)
-- Name: django_session; Type: TABLE; Schema: public; Owner: postgres
--

CREATE TABLE public.django_session (
    session_key character varying(40) NOT NULL,
    session_data text NOT NULL,
    expire_date timestamp with time zone NOT NULL
);


ALTER TABLE public.django_session OWNER TO postgres;

--
-- TOC entry 241 (class 1259 OID 25145)
-- Name: grup1_detalle; Type: TABLE; Schema: public; Owner: postgres
--

CREATE TABLE public.grup1_detalle (
    id bigint NOT NULL,
    cantidad integer NOT NULL,
    precio integer NOT NULL,
    idpedido_id bigint NOT NULL,
    idproducto_id bigint NOT NULL
);


ALTER TABLE public.grup1_detalle OWNER TO postgres;

--
-- TOC entry 240 (class 1259 OID 25144)
-- Name: grup1_detalle_id_seq; Type: SEQUENCE; Schema: public; Owner: postgres
--

ALTER TABLE public.grup1_detalle ALTER COLUMN id ADD GENERATED BY DEFAULT AS IDENTITY (
    SEQUENCE NAME public.grup1_detalle_id_seq
    START WITH 1
    INCREMENT BY 1
    NO MINVALUE
    NO MAXVALUE
    CACHE 1
);


--
-- TOC entry 233 (class 1259 OID 25113)
-- Name: grup1_estado; Type: TABLE; Schema: public; Owner: postgres
--

CREATE TABLE public.grup1_estado (
    idestado integer NOT NULL,
    estado character varying(15) NOT NULL
);


ALTER TABLE public.grup1_estado OWNER TO postgres;

--
-- TOC entry 235 (class 1259 OID 25119)
-- Name: grup1_etiqueta; Type: TABLE; Schema: public; Owner: postgres
--

CREATE TABLE public.grup1_etiqueta (
    id bigint NOT NULL,
    nombre character varying(50) NOT NULL
);


ALTER TABLE public.grup1_etiqueta OWNER TO postgres;

--
-- TOC entry 234 (class 1259 OID 25118)
-- Name: grup1_etiqueta_id_seq; Type: SEQUENCE; Schema: public; Owner: postgres
--

ALTER TABLE public.grup1_etiqueta ALTER COLUMN id ADD GENERATED BY DEFAULT AS IDENTITY (
    SEQUENCE NAME public.grup1_etiqueta_id_seq
    START WITH 1
    INCREMENT BY 1
    NO MINVALUE
    NO MAXVALUE
    CACHE 1
);


--
-- TOC entry 239 (class 1259 OID 25137)
-- Name: grup1_pedido; Type: TABLE; Schema: public; Owner: postgres
--

CREATE TABLE public.grup1_pedido (
    id bigint NOT NULL,
    direccion character varying(100) NOT NULL,
    observaciones text NOT NULL,
    cliente_id integer NOT NULL,
    estado_id integer NOT NULL,
    vendedor_id integer NOT NULL
);


ALTER TABLE public.grup1_pedido OWNER TO postgres;

--
-- TOC entry 238 (class 1259 OID 25136)
-- Name: grup1_pedido_id_seq; Type: SEQUENCE; Schema: public; Owner: postgres
--

ALTER TABLE public.grup1_pedido ALTER COLUMN id ADD GENERATED BY DEFAULT AS IDENTITY (
    SEQUENCE NAME public.grup1_pedido_id_seq
    START WITH 1
    INCREMENT BY 1
    NO MINVALUE
    NO MAXVALUE
    CACHE 1
);


--
-- TOC entry 237 (class 1259 OID 25125)
-- Name: grup1_producto; Type: TABLE; Schema: public; Owner: postgres
--

CREATE TABLE public.grup1_producto (
    id bigint NOT NULL,
    nombre character varying(45) NOT NULL,
    precio integer NOT NULL,
    stock integer NOT NULL,
    imagen character varying(100)
);


ALTER TABLE public.grup1_producto OWNER TO postgres;

--
-- TOC entry 236 (class 1259 OID 25124)
-- Name: grup1_producto_id_seq; Type: SEQUENCE; Schema: public; Owner: postgres
--

ALTER TABLE public.grup1_producto ALTER COLUMN id ADD GENERATED BY DEFAULT AS IDENTITY (
    SEQUENCE NAME public.grup1_producto_id_seq
    START WITH 1
    INCREMENT BY 1
    NO MINVALUE
    NO MAXVALUE
    CACHE 1
);


--
-- TOC entry 3467 (class 0 OID 24990)
-- Dependencies: 221
-- Data for Name: auth_group; Type: TABLE DATA; Schema: public; Owner: postgres
--

COPY public.auth_group (id, name) FROM stdin;
\.


--
-- TOC entry 3469 (class 0 OID 24998)
-- Dependencies: 223
-- Data for Name: auth_group_permissions; Type: TABLE DATA; Schema: public; Owner: postgres
--

COPY public.auth_group_permissions (id, group_id, permission_id) FROM stdin;
\.


--
-- TOC entry 3465 (class 0 OID 24984)
-- Dependencies: 219
-- Data for Name: auth_permission; Type: TABLE DATA; Schema: public; Owner: postgres
--

COPY public.auth_permission (id, name, content_type_id, codename) FROM stdin;
1	Can add log entry	1	add_logentry
2	Can change log entry	1	change_logentry
3	Can delete log entry	1	delete_logentry
4	Can view log entry	1	view_logentry
5	Can add permission	2	add_permission
6	Can change permission	2	change_permission
7	Can delete permission	2	delete_permission
8	Can view permission	2	view_permission
9	Can add group	3	add_group
10	Can change group	3	change_group
11	Can delete group	3	delete_group
12	Can view group	3	view_group
13	Can add user	4	add_user
14	Can change user	4	change_user
15	Can delete user	4	delete_user
16	Can view user	4	view_user
17	Can add content type	5	add_contenttype
18	Can change content type	5	change_contenttype
19	Can delete content type	5	delete_contenttype
20	Can view content type	5	view_contenttype
21	Can add session	6	add_session
22	Can change session	6	change_session
23	Can delete session	6	delete_session
24	Can view session	6	view_session
25	Can add user	7	add_user
26	Can change user	7	change_user
27	Can delete user	7	delete_user
28	Can view user	7	view_user
29	Can add producto	8	add_producto
30	Can change producto	8	change_producto
31	Can delete producto	8	delete_producto
32	Can view producto	8	view_producto
33	Can add estado	9	add_estado
34	Can change estado	9	change_estado
35	Can delete estado	9	delete_estado
36	Can view estado	9	view_estado
37	Can add pedido	10	add_pedido
38	Can change pedido	10	change_pedido
39	Can delete pedido	10	delete_pedido
40	Can view pedido	10	view_pedido
41	Can add detalle	11	add_detalle
42	Can change detalle	11	change_detalle
43	Can delete detalle	11	delete_detalle
44	Can view detalle	11	view_detalle
45	Can add etiqueta	12	add_etiqueta
46	Can change etiqueta	12	change_etiqueta
47	Can delete etiqueta	12	delete_etiqueta
48	Can view etiqueta	12	view_etiqueta
49	Can add usuario	13	add_usuario
50	Can change usuario	13	change_usuario
51	Can delete usuario	13	delete_usuario
52	Can view usuario	13	view_usuario
53	Can add datos usuario extra	14	add_datosusuarioextra
54	Can change datos usuario extra	14	change_datosusuarioextra
55	Can delete datos usuario extra	14	delete_datosusuarioextra
56	Can view datos usuario extra	14	view_datosusuarioextra
\.


--
-- TOC entry 3471 (class 0 OID 25004)
-- Dependencies: 225
-- Data for Name: auth_user; Type: TABLE DATA; Schema: public; Owner: postgres
--

COPY public.auth_user (id, password, last_login, is_superuser, username, first_name, last_name, email, is_staff, is_active, date_joined) FROM stdin;
15	pbkdf2_sha256$600000$tT5RWwFJZz9R3BR9y4r69j$gXPiu7yjczA0T0uXwpmE7iNjVbze2ezr/OkuUa2l88U=	2023-06-01 19:17:07.718706-04	f	comun2	Comun	Segundo		f	t	2023-05-31 21:36:46-04
14	pbkdf2_sha256$600000$vaXpqALPUuUD7tQelDcgGT$UTI0ATDcERGEBmysaP7gdb1PpbOZjKBiVC384XLPgzw=	\N	f	tienda1	Robot	Vendedor		t	t	2023-05-31 21:24:00-04
13	pbkdf2_sha256$600000$bbNnt0of1ogiidhtL0dhJQ$AOYuU5ZV3vW1Jlp6WcljHDD+sSePzDdlwBTrPz9pIDc=	2023-06-02 15:56:31.086175-04	f	comun1	Comun	Primero	entresistemas@gmail.com	f	t	2023-05-25 21:23:37.09882-04
2	pbkdf2_sha256$600000$JARKb3ow6Uqql2e0mcRTkv$NYDxb/RCtIDuQ/zHCpZyXjGmyHbwQDUkPfAOfvAplgY=	2023-06-02 16:24:02.316076-04	f	staff1	Staff	Primero		t	t	2023-05-25 19:11:58-04
18	pbkdf2_sha256$600000$8jV6FMHB5R35XpvbyxVWr9$fwUYdpc39s0Uuvo0MmyxlaSLaCMLlSfGBkAZWJ+K//0=	\N	f	jdromero	Juan	Romero	jdromeroromo@gmail.com	f	t	2023-06-02 16:40:22.645851-04
1	pbkdf2_sha256$600000$AMhrPvTvjJkD8M2W1XlAmc$dhVY77Push4LUsTgzAAtGeSegBhOpUebDDaMedSYZHE=	2023-06-02 16:53:56.313962-04	t	superuser1	Superuser1		superuser1@awake.app	t	t	2023-05-25 19:11:05-04
20	pbkdf2_sha256$600000$wiBC4yXWD0yDrQcYrMvRND$z6tEmb+I1ymBvsUbNALcqUJ+Ms73FGNWwXB/QhuQtN0=	2023-06-02 17:02:04.7858-04	f	dromer	Juan	Romero	juan.romeror@sansano.usm.cl	f	t	2023-06-02 16:50:18.156918-04
\.


--
-- TOC entry 3473 (class 0 OID 25012)
-- Dependencies: 227
-- Data for Name: auth_user_groups; Type: TABLE DATA; Schema: public; Owner: postgres
--

COPY public.auth_user_groups (id, user_id, group_id) FROM stdin;
\.


--
-- TOC entry 3475 (class 0 OID 25018)
-- Dependencies: 229
-- Data for Name: auth_user_user_permissions; Type: TABLE DATA; Schema: public; Owner: postgres
--

COPY public.auth_user_user_permissions (id, user_id, permission_id) FROM stdin;
\.


--
-- TOC entry 3477 (class 0 OID 25076)
-- Dependencies: 231
-- Data for Name: django_admin_log; Type: TABLE DATA; Schema: public; Owner: postgres
--

COPY public.django_admin_log (id, action_time, object_id, object_repr, action_flag, change_message, content_type_id, user_id) FROM stdin;
1	2023-05-25 19:11:59.357378-04	2	staff1	1	[{"added": {}}]	4	1
2	2023-05-25 19:12:07.1691-04	2	staff1	2	[{"changed": {"fields": ["Staff status"]}}]	4	1
3	2023-05-25 20:04:35.304025-04	4	comun2	3		4	1
4	2023-05-25 20:04:40.216346-04	3	comun1	3		4	1
5	2023-05-25 20:08:10.953925-04	5	comun1	3		4	1
6	2023-05-25 20:37:34.620521-04	6	comun1	3		4	1
7	2023-05-25 20:52:41.37826-04	7	comun1	3		4	1
8	2023-05-25 21:05:50.92926-04	8	comun1	3		4	1
9	2023-05-25 21:10:07.078885-04	9	comun1	3		4	1
10	2023-05-25 21:14:16.659815-04	10	comun1	3		4	1
11	2023-05-25 21:19:58.96191-04	11	comun1	3		4	1
12	2023-05-25 21:23:09.239991-04	12	comun1	3		4	1
13	2023-05-27 12:26:12.449255-04	1	ID: 1 Nombre : Pendiente	1	[{"added": {}}]	9	1
14	2023-05-27 12:26:28.462712-04	2	ID: 2 Nombre : En Proceso	1	[{"added": {}}]	9	1
15	2023-05-27 12:26:50.852774-04	3	ID: 3 Nombre : En Despacho	1	[{"added": {}}]	9	1
16	2023-05-27 12:27:10.892856-04	4	ID: 4 Nombre : Entregado	1	[{"added": {}}]	9	1
17	2023-05-27 12:27:26.097239-04	5	ID: 5 Nombre : Cancelado	1	[{"added": {}}]	9	1
18	2023-05-31 21:05:05.418739-04	13	comun1	2	[{"changed": {"fields": ["password"]}}]	4	1
19	2023-05-31 21:24:00.798087-04	14	tienda1	1	[{"added": {}}]	4	1
20	2023-05-31 21:24:20.385149-04	14	tienda1	2	[{"changed": {"fields": ["First name", "Last name", "Staff status"]}}]	4	1
21	2023-05-31 21:36:46.965116-04	15	comun2	1	[{"added": {}}]	4	1
22	2023-06-01 09:30:06.98709-04	1	superuser1	2	[{"changed": {"fields": ["First name"]}}]	4	1
23	2023-06-01 09:58:43.650864-04	17	ID: 17 Cliente: comun1 Estado: 3 En Despacho	2	[{"changed": {"fields": ["Estado"]}}]	10	1
24	2023-06-01 10:07:52.396672-04	9	ID: 9 Cliente: comun1 Estado: 3 En Despacho	2	[{"changed": {"fields": ["Estado"]}}]	10	1
25	2023-06-01 10:33:15.161021-04	15	ID: 15 Cliente: comun1 Estado: 1 Pendiente	2	[{"changed": {"fields": ["Estado"]}}]	10	1
26	2023-06-01 10:33:24.550366-04	16	ID: 16 Cliente: comun1 Estado: 2 En Proceso	2	[{"changed": {"fields": ["Estado"]}}]	10	1
27	2023-06-01 15:56:14.242164-04	6	ID: 6 Nombre : Pizza Especial	2	[{"changed": {"fields": ["Imagen"]}}]	8	1
28	2023-06-01 16:24:17.89975-04	6	ID: 6 Nombre : Pizza Especial	2	[{"changed": {"fields": ["Precio"]}}]	8	1
29	2023-06-01 16:30:30.950469-04	20	ID: 20 Cliente: comun1 Estado: 5 Cancelado	3		10	1
30	2023-06-01 16:32:39.332641-04	7	ID: 7 Nombre : Pizza Napolitana	2	[{"changed": {"fields": ["Nombre"]}}]	8	1
31	2023-06-01 18:41:08.845931-04	15	comun2	2	[{"changed": {"fields": ["First name", "Last name"]}}]	4	1
32	2023-06-01 18:41:22.358077-04	2	staff1	2	[{"changed": {"fields": ["First name", "Last name"]}}]	4	1
33	2023-06-01 18:41:43.029793-04	15	comun2	2	[{"changed": {"fields": ["Last name"]}}]	4	1
34	2023-06-02 16:39:48.40946-04	16	jdromero	3		4	1
35	2023-06-02 16:39:54.021605-04	17	dromer	3		4	1
36	2023-06-02 16:43:17.116503-04	19	dromer	3		4	1
\.


--
-- TOC entry 3463 (class 0 OID 24976)
-- Dependencies: 217
-- Data for Name: django_content_type; Type: TABLE DATA; Schema: public; Owner: postgres
--

COPY public.django_content_type (id, app_label, model) FROM stdin;
1	admin	logentry
2	auth	permission
3	auth	group
4	auth	user
5	contenttypes	contenttype
6	sessions	session
7	grup1	user
8	grup1	producto
9	grup1	estado
10	grup1	pedido
11	grup1	detalle
12	grup1	etiqueta
13	grup1	usuario
14	grup1	datosusuarioextra
\.


--
-- TOC entry 3461 (class 0 OID 24968)
-- Dependencies: 215
-- Data for Name: django_migrations; Type: TABLE DATA; Schema: public; Owner: postgres
--

COPY public.django_migrations (id, app, name, applied) FROM stdin;
1	contenttypes	0001_initial	2023-05-24 20:32:40.449825-04
2	auth	0001_initial	2023-05-24 20:32:40.534618-04
3	admin	0001_initial	2023-05-24 20:32:40.568415-04
4	admin	0002_logentry_remove_auto_add	2023-05-24 20:32:40.58138-04
5	admin	0003_logentry_add_action_flag_choices	2023-05-24 20:32:40.589358-04
6	contenttypes	0002_remove_content_type_name	2023-05-24 20:32:40.607837-04
7	auth	0002_alter_permission_name_max_length	2023-05-24 20:32:40.617808-04
8	auth	0003_alter_user_email_max_length	2023-05-24 20:32:40.628819-04
9	auth	0004_alter_user_username_opts	2023-05-24 20:32:40.636757-04
10	auth	0005_alter_user_last_login_null	2023-05-24 20:32:40.646774-04
11	auth	0006_require_contenttypes_0002	2023-05-24 20:32:40.649725-04
12	auth	0007_alter_validators_add_error_messages	2023-05-24 20:32:40.657715-04
13	auth	0008_alter_user_username_max_length	2023-05-24 20:32:40.674035-04
14	auth	0009_alter_user_last_name_max_length	2023-05-24 20:32:40.683334-04
15	auth	0010_alter_group_name_max_length	2023-05-24 20:32:40.693271-04
16	auth	0011_update_proxy_permissions	2023-05-24 20:32:40.703281-04
17	auth	0012_alter_user_first_name_max_length	2023-05-24 20:32:40.714223-04
18	sessions	0001_initial	2023-05-24 20:32:40.730563-04
19	grup1	0001_initial	2023-05-24 20:37:21.079834-04
20	grup1	0002_usuario_alter_pedido_cliente_alter_pedido_vendedor_and_more	2023-05-24 20:47:10.203894-04
21	grup1	0003_delete_usuario	2023-05-25 20:02:31.86197-04
22	grup1	0004_alter_detalle_idpedido_datosusuarioextra	2023-05-25 20:18:28.671792-04
23	grup1	0005_usuario_alter_detalle_idpedido_and_more	2023-05-25 20:20:54.043808-04
24	grup1	0006_delete_usuario	2023-05-25 20:21:33.921255-04
25	grup1	0007_pedido_stock_alter_detalle_precio	2023-05-30 20:13:46.871965-04
26	grup1	0008_remove_pedido_stock_producto_stock	2023-05-30 20:15:39.514594-04
27	grup1	0009_alter_producto_stock	2023-05-30 20:26:04.488409-04
28	grup1	0010_alter_detalle_precio_alter_producto_stock	2023-05-31 20:17:39.552818-04
29	grup1	0011_producto_imagen	2023-06-01 12:59:28.184614-04
\.


--
-- TOC entry 3478 (class 0 OID 25104)
-- Dependencies: 232
-- Data for Name: django_session; Type: TABLE DATA; Schema: public; Owner: postgres
--

COPY public.django_session (session_key, session_data, expire_date) FROM stdin;
obba45h9mkcmfjf8tr36ljbf58xa4ju1	.eJxVjEEOwiAQRe_C2hBpmQFcuu8ZyDCAVA0kpV0Z765NutDtf-_9l_C0rcVvPS1-juIilDj9boH4keoO4p3qrUludV3mIHdFHrTLqcX0vB7u30GhXr41Kh41WRitQTMyEXB2DrRSaUCNHAgGMAmUQnb5jGydNhkcsGHIEMX7A8D-NzE:1q4WkT:INMK9qC6IpCaKqvCoCnljFDaLmbEI3io0_PKr8Cx4ts	2023-06-14 21:05:05.427946-04
5d9qexx4gg6bn1m79czug9577hzd97h8	.eJxVjEEOwiAQRe_C2hBpmQFcuu8ZyDCAVA0kpV0Z765NutDtf-_9l_C0rcVvPS1-juIilDj9boH4keoO4p3qrUludV3mIHdFHrTLqcX0vB7u30GhXr41Kh41WRitQTMyEXB2DrRSaUCNHAgGMAmUQnb5jGydNhkcsGHIEMX7A8D-NzE:1q5BYf:3YNzwaFzEQQAxdZWJPUMcwwTOBlWl5fCF5Qoc8dZei4	2023-06-16 16:39:37.40089-04
dcu8c21ai7201oe3e4brp6zbfhfkyvml	.eJxVjMsOgjAQRf-la9NMsbbUpXu-gcyjY1EDCYWV8d-FhIVuzzn3vk2P61L6tea5H8RcTQPm9AsJ-ZnH3cgDx_tkeRqXeSC7J_aw1XaT5NftaP8OCtayrZVd4zSCYhSXLuRRQ-bWhbOT6ACAfbvhEIGAfAgqSOwTqySI1KL5fAEJ-zhY:1q5BuO:cavHMjXKy04SxLa60RdH4mOT0pCixcjAQ3Taq4A0JG0	2023-06-16 17:02:04.786804-04
\.


--
-- TOC entry 3487 (class 0 OID 25145)
-- Dependencies: 241
-- Data for Name: grup1_detalle; Type: TABLE DATA; Schema: public; Owner: postgres
--

COPY public.grup1_detalle (id, cantidad, precio, idpedido_id, idproducto_id) FROM stdin;
4	2	4600	12	3
5	2	2300	12	2
6	2	2300	12	2
7	2	2300	12	2
8	2	2300	12	2
9	1	4600	12	3
10	2	4600	12	3
11	2	2300	15	2
12	3	4600	15	3
13	3	4600	15	3
14	1	1500	15	1
15	2	1500	16	1
16	3	2300	16	2
17	1	4600	16	3
20	2	1500	18	1
25	3	10500	21	6
26	2	9500	21	7
27	2	10500	22	6
28	1	9500	22	7
29	2	10500	23	6
30	1	9500	23	7
31	1	10500	24	6
32	1	9500	24	7
33	1	9500	25	7
34	1	7500	25	8
35	1	10500	26	6
36	1	9500	26	7
37	1	9500	27	7
38	1	9500	28	7
39	1	7500	28	8
40	1	9500	29	7
41	1	7500	29	8
42	1	1500	30	1
43	1	1500	30	1
44	1	1500	30	1
45	1	10500	30	6
46	1	10500	30	6
47	1	10500	30	6
48	1	10500	30	6
49	1	10500	30	6
50	1	9500	33	7
51	1	9500	33	7
52	1	12500	33	9
53	1	12500	33	9
54	1	12500	33	9
55	1	12500	33	9
56	1	12500	33	9
57	1	12500	33	9
58	1	12500	33	9
59	1	12500	33	9
60	1	12500	33	9
61	1	12500	33	9
62	1	12500	33	9
63	1	12500	33	9
64	1	12500	33	9
65	1	12500	33	9
66	1	12500	33	9
67	1	12500	33	9
68	1	12500	33	9
69	1	12500	33	9
70	1	10500	34	6
71	1	10500	34	6
72	1	10500	34	6
73	1	10500	34	6
74	1	10500	34	6
75	1	9500	34	7
76	1	9500	34	7
77	1	9500	34	7
78	1	12500	34	9
79	1	12500	34	9
80	1	7500	34	8
81	1	7500	34	8
82	1	12500	34	9
83	1	12500	34	9
84	1	2300	34	2
85	1	10500	35	6
86	1	10500	36	6
87	3	9500	37	7
88	1	10500	40	6
89	1	7500	41	8
90	1	9500	42	7
91	1	9500	43	7
92	1	10500	44	6
93	1	7500	44	8
94	1	9500	45	7
95	1	10500	46	6
96	1	9500	47	7
97	1	9500	48	7
98	2	2300	48	2
99	1	7500	49	8
100	2	9500	49	7
101	1	9500	50	7
102	1	12500	50	9
\.


--
-- TOC entry 3479 (class 0 OID 25113)
-- Dependencies: 233
-- Data for Name: grup1_estado; Type: TABLE DATA; Schema: public; Owner: postgres
--

COPY public.grup1_estado (idestado, estado) FROM stdin;
1	Pendiente
2	En Proceso
3	En Despacho
4	Entregado
5	Cancelado
\.


--
-- TOC entry 3481 (class 0 OID 25119)
-- Dependencies: 235
-- Data for Name: grup1_etiqueta; Type: TABLE DATA; Schema: public; Owner: postgres
--

COPY public.grup1_etiqueta (id, nombre) FROM stdin;
\.


--
-- TOC entry 3485 (class 0 OID 25137)
-- Dependencies: 239
-- Data for Name: grup1_pedido; Type: TABLE DATA; Schema: public; Owner: postgres
--

COPY public.grup1_pedido (id, direccion, observaciones, cliente_id, estado_id, vendedor_id) FROM stdin;
13	por ahí	safdsaf	13	1	1
14	por ahí	safdsaf	13	1	1
9	zx<xfz	dsgdsg	13	3	1
15	por ahí	safdsaf	13	1	1
16	aadADSA	aSAd	13	5	1
21	Casas comun 123	Cerca esquina	15	1	1
22	Mi Calle 123	Cerca iglesia	13	1	13
12	aadADSA	safsafwdgwg	13	5	1
24	Av Los Amigos 345	Cerca Mall	13	1	2
25	El camino 2033	Cerca Hospital	15	1	2
26	Los Laureles 567	Cerca Sporting	15	1	1
27	Las Casas 456	Cerca Parque	13	2	1
28	Casa Nueva 456	Cerca de Plaza	15	1	1
18	por ahí	aaDAD	13	5	13
29	Mi Calle Nueva 378	Cerca Minimarket	15	1	1
30	Los Nogales 67	Cerca Plaza	13	1	1
31	Mi Casa 478	Cerca de Otra Casa	13	1	13
32	Mi Casa 478	Cerca de Otra Casa	13	1	13
33	Mi Casa 478	Awsds	15	1	1
34	Mi Casa 478	gfggfg	15	1	1
35	Mi Casa 478	EWD	15	1	1
36	Mi Casa 478	Cerca parque	13	1	13
37	Mi Casa 478	uytyutuy	13	1	13
38	Mi Casa 478	cerca parque	13	1	13
39	Mi Casa 478	cerca casa	13	1	13
40	Mi Casa 478	sdsa	13	1	13
41	Mi Casa 478	parque	13	1	13
42	Mi Casa 478	esquina calle	13	1	13
43	Mi Casa 478	esquina	13	1	13
23	Avenida Siempre Viva 123	Cerca Lipigas	15	2	2
44	Mi Casa 478	Por Calle de atrás	15	1	2
45	Mi Casa 478	esquina	15	1	2
46	Casa8 calle 2	esquina	18	1	1
47	Mi Casa 478	deqw	20	1	1
48	Mi Casa 478	erre	18	1	1
49	aadADSA	ñljklj	18	1	1
50	Mi Casa 478	sfsafaf	20	1	20
\.


--
-- TOC entry 3483 (class 0 OID 25125)
-- Dependencies: 237
-- Data for Name: grup1_producto; Type: TABLE DATA; Schema: public; Owner: postgres
--

COPY public.grup1_producto (id, nombre, precio, stock, imagen) FROM stdin;
1	Producto 1	1500	50	\N
2	Producto 2	2300	50	\N
3	Producto 3	4600	50	\N
6	Pizza Especial	10500	30	img/pizza1.jpg
7	Pizza Napolitana	9500	20	img/napolitana.jpg
8	Pizza Marinara	7500	10	img/marinara.jpg
9	Pizza Hawaiana	12500	15	img/pizza_hawaiana.jpg
10	Pizza Pepperoni	9800	20	img/pizza_pepperoni.jpg
\.


--
-- TOC entry 3494 (class 0 OID 0)
-- Dependencies: 220
-- Name: auth_group_id_seq; Type: SEQUENCE SET; Schema: public; Owner: postgres
--

SELECT pg_catalog.setval('public.auth_group_id_seq', 1, false);


--
-- TOC entry 3495 (class 0 OID 0)
-- Dependencies: 222
-- Name: auth_group_permissions_id_seq; Type: SEQUENCE SET; Schema: public; Owner: postgres
--

SELECT pg_catalog.setval('public.auth_group_permissions_id_seq', 1, false);


--
-- TOC entry 3496 (class 0 OID 0)
-- Dependencies: 218
-- Name: auth_permission_id_seq; Type: SEQUENCE SET; Schema: public; Owner: postgres
--

SELECT pg_catalog.setval('public.auth_permission_id_seq', 56, true);


--
-- TOC entry 3497 (class 0 OID 0)
-- Dependencies: 226
-- Name: auth_user_groups_id_seq; Type: SEQUENCE SET; Schema: public; Owner: postgres
--

SELECT pg_catalog.setval('public.auth_user_groups_id_seq', 1, false);


--
-- TOC entry 3498 (class 0 OID 0)
-- Dependencies: 224
-- Name: auth_user_id_seq; Type: SEQUENCE SET; Schema: public; Owner: postgres
--

SELECT pg_catalog.setval('public.auth_user_id_seq', 20, true);


--
-- TOC entry 3499 (class 0 OID 0)
-- Dependencies: 228
-- Name: auth_user_user_permissions_id_seq; Type: SEQUENCE SET; Schema: public; Owner: postgres
--

SELECT pg_catalog.setval('public.auth_user_user_permissions_id_seq', 1, false);


--
-- TOC entry 3500 (class 0 OID 0)
-- Dependencies: 230
-- Name: django_admin_log_id_seq; Type: SEQUENCE SET; Schema: public; Owner: postgres
--

SELECT pg_catalog.setval('public.django_admin_log_id_seq', 36, true);


--
-- TOC entry 3501 (class 0 OID 0)
-- Dependencies: 216
-- Name: django_content_type_id_seq; Type: SEQUENCE SET; Schema: public; Owner: postgres
--

SELECT pg_catalog.setval('public.django_content_type_id_seq', 14, true);


--
-- TOC entry 3502 (class 0 OID 0)
-- Dependencies: 214
-- Name: django_migrations_id_seq; Type: SEQUENCE SET; Schema: public; Owner: postgres
--

SELECT pg_catalog.setval('public.django_migrations_id_seq', 29, true);


--
-- TOC entry 3503 (class 0 OID 0)
-- Dependencies: 240
-- Name: grup1_detalle_id_seq; Type: SEQUENCE SET; Schema: public; Owner: postgres
--

SELECT pg_catalog.setval('public.grup1_detalle_id_seq', 102, true);


--
-- TOC entry 3504 (class 0 OID 0)
-- Dependencies: 234
-- Name: grup1_etiqueta_id_seq; Type: SEQUENCE SET; Schema: public; Owner: postgres
--

SELECT pg_catalog.setval('public.grup1_etiqueta_id_seq', 1, false);


--
-- TOC entry 3505 (class 0 OID 0)
-- Dependencies: 238
-- Name: grup1_pedido_id_seq; Type: SEQUENCE SET; Schema: public; Owner: postgres
--

SELECT pg_catalog.setval('public.grup1_pedido_id_seq', 50, true);


--
-- TOC entry 3506 (class 0 OID 0)
-- Dependencies: 236
-- Name: grup1_producto_id_seq; Type: SEQUENCE SET; Schema: public; Owner: postgres
--

SELECT pg_catalog.setval('public.grup1_producto_id_seq', 10, true);


--
-- TOC entry 3255 (class 2606 OID 25102)
-- Name: auth_group auth_group_name_key; Type: CONSTRAINT; Schema: public; Owner: postgres
--

ALTER TABLE ONLY public.auth_group
    ADD CONSTRAINT auth_group_name_key UNIQUE (name);


--
-- TOC entry 3260 (class 2606 OID 25033)
-- Name: auth_group_permissions auth_group_permissions_group_id_permission_id_0cd325b0_uniq; Type: CONSTRAINT; Schema: public; Owner: postgres
--

ALTER TABLE ONLY public.auth_group_permissions
    ADD CONSTRAINT auth_group_permissions_group_id_permission_id_0cd325b0_uniq UNIQUE (group_id, permission_id);


--
-- TOC entry 3263 (class 2606 OID 25002)
-- Name: auth_group_permissions auth_group_permissions_pkey; Type: CONSTRAINT; Schema: public; Owner: postgres
--

ALTER TABLE ONLY public.auth_group_permissions
    ADD CONSTRAINT auth_group_permissions_pkey PRIMARY KEY (id);


--
-- TOC entry 3257 (class 2606 OID 24994)
-- Name: auth_group auth_group_pkey; Type: CONSTRAINT; Schema: public; Owner: postgres
--

ALTER TABLE ONLY public.auth_group
    ADD CONSTRAINT auth_group_pkey PRIMARY KEY (id);


--
-- TOC entry 3250 (class 2606 OID 25024)
-- Name: auth_permission auth_permission_content_type_id_codename_01ab375a_uniq; Type: CONSTRAINT; Schema: public; Owner: postgres
--

ALTER TABLE ONLY public.auth_permission
    ADD CONSTRAINT auth_permission_content_type_id_codename_01ab375a_uniq UNIQUE (content_type_id, codename);


--
-- TOC entry 3252 (class 2606 OID 24988)
-- Name: auth_permission auth_permission_pkey; Type: CONSTRAINT; Schema: public; Owner: postgres
--

ALTER TABLE ONLY public.auth_permission
    ADD CONSTRAINT auth_permission_pkey PRIMARY KEY (id);


--
-- TOC entry 3271 (class 2606 OID 25016)
-- Name: auth_user_groups auth_user_groups_pkey; Type: CONSTRAINT; Schema: public; Owner: postgres
--

ALTER TABLE ONLY public.auth_user_groups
    ADD CONSTRAINT auth_user_groups_pkey PRIMARY KEY (id);


--
-- TOC entry 3274 (class 2606 OID 25048)
-- Name: auth_user_groups auth_user_groups_user_id_group_id_94350c0c_uniq; Type: CONSTRAINT; Schema: public; Owner: postgres
--

ALTER TABLE ONLY public.auth_user_groups
    ADD CONSTRAINT auth_user_groups_user_id_group_id_94350c0c_uniq UNIQUE (user_id, group_id);


--
-- TOC entry 3265 (class 2606 OID 25008)
-- Name: auth_user auth_user_pkey; Type: CONSTRAINT; Schema: public; Owner: postgres
--

ALTER TABLE ONLY public.auth_user
    ADD CONSTRAINT auth_user_pkey PRIMARY KEY (id);


--
-- TOC entry 3277 (class 2606 OID 25022)
-- Name: auth_user_user_permissions auth_user_user_permissions_pkey; Type: CONSTRAINT; Schema: public; Owner: postgres
--

ALTER TABLE ONLY public.auth_user_user_permissions
    ADD CONSTRAINT auth_user_user_permissions_pkey PRIMARY KEY (id);


--
-- TOC entry 3280 (class 2606 OID 25062)
-- Name: auth_user_user_permissions auth_user_user_permissions_user_id_permission_id_14a6b632_uniq; Type: CONSTRAINT; Schema: public; Owner: postgres
--

ALTER TABLE ONLY public.auth_user_user_permissions
    ADD CONSTRAINT auth_user_user_permissions_user_id_permission_id_14a6b632_uniq UNIQUE (user_id, permission_id);


--
-- TOC entry 3268 (class 2606 OID 25097)
-- Name: auth_user auth_user_username_key; Type: CONSTRAINT; Schema: public; Owner: postgres
--

ALTER TABLE ONLY public.auth_user
    ADD CONSTRAINT auth_user_username_key UNIQUE (username);


--
-- TOC entry 3283 (class 2606 OID 25083)
-- Name: django_admin_log django_admin_log_pkey; Type: CONSTRAINT; Schema: public; Owner: postgres
--

ALTER TABLE ONLY public.django_admin_log
    ADD CONSTRAINT django_admin_log_pkey PRIMARY KEY (id);


--
-- TOC entry 3245 (class 2606 OID 24982)
-- Name: django_content_type django_content_type_app_label_model_76bd3d3b_uniq; Type: CONSTRAINT; Schema: public; Owner: postgres
--

ALTER TABLE ONLY public.django_content_type
    ADD CONSTRAINT django_content_type_app_label_model_76bd3d3b_uniq UNIQUE (app_label, model);


--
-- TOC entry 3247 (class 2606 OID 24980)
-- Name: django_content_type django_content_type_pkey; Type: CONSTRAINT; Schema: public; Owner: postgres
--

ALTER TABLE ONLY public.django_content_type
    ADD CONSTRAINT django_content_type_pkey PRIMARY KEY (id);


--
-- TOC entry 3243 (class 2606 OID 24974)
-- Name: django_migrations django_migrations_pkey; Type: CONSTRAINT; Schema: public; Owner: postgres
--

ALTER TABLE ONLY public.django_migrations
    ADD CONSTRAINT django_migrations_pkey PRIMARY KEY (id);


--
-- TOC entry 3287 (class 2606 OID 25110)
-- Name: django_session django_session_pkey; Type: CONSTRAINT; Schema: public; Owner: postgres
--

ALTER TABLE ONLY public.django_session
    ADD CONSTRAINT django_session_pkey PRIMARY KEY (session_key);


--
-- TOC entry 3303 (class 2606 OID 25149)
-- Name: grup1_detalle grup1_detalle_pkey; Type: CONSTRAINT; Schema: public; Owner: postgres
--

ALTER TABLE ONLY public.grup1_detalle
    ADD CONSTRAINT grup1_detalle_pkey PRIMARY KEY (id);


--
-- TOC entry 3290 (class 2606 OID 25117)
-- Name: grup1_estado grup1_estado_pkey; Type: CONSTRAINT; Schema: public; Owner: postgres
--

ALTER TABLE ONLY public.grup1_estado
    ADD CONSTRAINT grup1_estado_pkey PRIMARY KEY (idestado);


--
-- TOC entry 3292 (class 2606 OID 25123)
-- Name: grup1_etiqueta grup1_etiqueta_pkey; Type: CONSTRAINT; Schema: public; Owner: postgres
--

ALTER TABLE ONLY public.grup1_etiqueta
    ADD CONSTRAINT grup1_etiqueta_pkey PRIMARY KEY (id);


--
-- TOC entry 3298 (class 2606 OID 25143)
-- Name: grup1_pedido grup1_pedido_pkey; Type: CONSTRAINT; Schema: public; Owner: postgres
--

ALTER TABLE ONLY public.grup1_pedido
    ADD CONSTRAINT grup1_pedido_pkey PRIMARY KEY (id);


--
-- TOC entry 3294 (class 2606 OID 25129)
-- Name: grup1_producto grup1_producto_pkey; Type: CONSTRAINT; Schema: public; Owner: postgres
--

ALTER TABLE ONLY public.grup1_producto
    ADD CONSTRAINT grup1_producto_pkey PRIMARY KEY (id);


--
-- TOC entry 3253 (class 1259 OID 25103)
-- Name: auth_group_name_a6ea08ec_like; Type: INDEX; Schema: public; Owner: postgres
--

CREATE INDEX auth_group_name_a6ea08ec_like ON public.auth_group USING btree (name varchar_pattern_ops);


--
-- TOC entry 3258 (class 1259 OID 25044)
-- Name: auth_group_permissions_group_id_b120cbf9; Type: INDEX; Schema: public; Owner: postgres
--

CREATE INDEX auth_group_permissions_group_id_b120cbf9 ON public.auth_group_permissions USING btree (group_id);


--
-- TOC entry 3261 (class 1259 OID 25045)
-- Name: auth_group_permissions_permission_id_84c5c92e; Type: INDEX; Schema: public; Owner: postgres
--

CREATE INDEX auth_group_permissions_permission_id_84c5c92e ON public.auth_group_permissions USING btree (permission_id);


--
-- TOC entry 3248 (class 1259 OID 25030)
-- Name: auth_permission_content_type_id_2f476e4b; Type: INDEX; Schema: public; Owner: postgres
--

CREATE INDEX auth_permission_content_type_id_2f476e4b ON public.auth_permission USING btree (content_type_id);


--
-- TOC entry 3269 (class 1259 OID 25060)
-- Name: auth_user_groups_group_id_97559544; Type: INDEX; Schema: public; Owner: postgres
--

CREATE INDEX auth_user_groups_group_id_97559544 ON public.auth_user_groups USING btree (group_id);


--
-- TOC entry 3272 (class 1259 OID 25059)
-- Name: auth_user_groups_user_id_6a12ed8b; Type: INDEX; Schema: public; Owner: postgres
--

CREATE INDEX auth_user_groups_user_id_6a12ed8b ON public.auth_user_groups USING btree (user_id);


--
-- TOC entry 3275 (class 1259 OID 25074)
-- Name: auth_user_user_permissions_permission_id_1fbb5f2c; Type: INDEX; Schema: public; Owner: postgres
--

CREATE INDEX auth_user_user_permissions_permission_id_1fbb5f2c ON public.auth_user_user_permissions USING btree (permission_id);


--
-- TOC entry 3278 (class 1259 OID 25073)
-- Name: auth_user_user_permissions_user_id_a95ead1b; Type: INDEX; Schema: public; Owner: postgres
--

CREATE INDEX auth_user_user_permissions_user_id_a95ead1b ON public.auth_user_user_permissions USING btree (user_id);


--
-- TOC entry 3266 (class 1259 OID 25098)
-- Name: auth_user_username_6821ab7c_like; Type: INDEX; Schema: public; Owner: postgres
--

CREATE INDEX auth_user_username_6821ab7c_like ON public.auth_user USING btree (username varchar_pattern_ops);


--
-- TOC entry 3281 (class 1259 OID 25094)
-- Name: django_admin_log_content_type_id_c4bce8eb; Type: INDEX; Schema: public; Owner: postgres
--

CREATE INDEX django_admin_log_content_type_id_c4bce8eb ON public.django_admin_log USING btree (content_type_id);


--
-- TOC entry 3284 (class 1259 OID 25095)
-- Name: django_admin_log_user_id_c564eba6; Type: INDEX; Schema: public; Owner: postgres
--

CREATE INDEX django_admin_log_user_id_c564eba6 ON public.django_admin_log USING btree (user_id);


--
-- TOC entry 3285 (class 1259 OID 25112)
-- Name: django_session_expire_date_a5c62663; Type: INDEX; Schema: public; Owner: postgres
--

CREATE INDEX django_session_expire_date_a5c62663 ON public.django_session USING btree (expire_date);


--
-- TOC entry 3288 (class 1259 OID 25111)
-- Name: django_session_session_key_c0390e0f_like; Type: INDEX; Schema: public; Owner: postgres
--

CREATE INDEX django_session_session_key_c0390e0f_like ON public.django_session USING btree (session_key varchar_pattern_ops);


--
-- TOC entry 3300 (class 1259 OID 25178)
-- Name: grup1_detalle_idpedido_id_982171d1; Type: INDEX; Schema: public; Owner: postgres
--

CREATE INDEX grup1_detalle_idpedido_id_982171d1 ON public.grup1_detalle USING btree (idpedido_id);


--
-- TOC entry 3301 (class 1259 OID 25179)
-- Name: grup1_detalle_idproducto_id_33a66a00; Type: INDEX; Schema: public; Owner: postgres
--

CREATE INDEX grup1_detalle_idproducto_id_33a66a00 ON public.grup1_detalle USING btree (idproducto_id);


--
-- TOC entry 3295 (class 1259 OID 25187)
-- Name: grup1_pedido_cliente_id_02d6dae8; Type: INDEX; Schema: public; Owner: postgres
--

CREATE INDEX grup1_pedido_cliente_id_02d6dae8 ON public.grup1_pedido USING btree (cliente_id);


--
-- TOC entry 3296 (class 1259 OID 25166)
-- Name: grup1_pedido_estado_id_65f3d9b9; Type: INDEX; Schema: public; Owner: postgres
--

CREATE INDEX grup1_pedido_estado_id_65f3d9b9 ON public.grup1_pedido USING btree (estado_id);


--
-- TOC entry 3299 (class 1259 OID 25202)
-- Name: grup1_pedido_vendedor_id_c185ce68; Type: INDEX; Schema: public; Owner: postgres
--

CREATE INDEX grup1_pedido_vendedor_id_c185ce68 ON public.grup1_pedido USING btree (vendedor_id);


--
-- TOC entry 3305 (class 2606 OID 25039)
-- Name: auth_group_permissions auth_group_permissio_permission_id_84c5c92e_fk_auth_perm; Type: FK CONSTRAINT; Schema: public; Owner: postgres
--

ALTER TABLE ONLY public.auth_group_permissions
    ADD CONSTRAINT auth_group_permissio_permission_id_84c5c92e_fk_auth_perm FOREIGN KEY (permission_id) REFERENCES public.auth_permission(id) DEFERRABLE INITIALLY DEFERRED;


--
-- TOC entry 3306 (class 2606 OID 25034)
-- Name: auth_group_permissions auth_group_permissions_group_id_b120cbf9_fk_auth_group_id; Type: FK CONSTRAINT; Schema: public; Owner: postgres
--

ALTER TABLE ONLY public.auth_group_permissions
    ADD CONSTRAINT auth_group_permissions_group_id_b120cbf9_fk_auth_group_id FOREIGN KEY (group_id) REFERENCES public.auth_group(id) DEFERRABLE INITIALLY DEFERRED;


--
-- TOC entry 3304 (class 2606 OID 25025)
-- Name: auth_permission auth_permission_content_type_id_2f476e4b_fk_django_co; Type: FK CONSTRAINT; Schema: public; Owner: postgres
--

ALTER TABLE ONLY public.auth_permission
    ADD CONSTRAINT auth_permission_content_type_id_2f476e4b_fk_django_co FOREIGN KEY (content_type_id) REFERENCES public.django_content_type(id) DEFERRABLE INITIALLY DEFERRED;


--
-- TOC entry 3307 (class 2606 OID 25054)
-- Name: auth_user_groups auth_user_groups_group_id_97559544_fk_auth_group_id; Type: FK CONSTRAINT; Schema: public; Owner: postgres
--

ALTER TABLE ONLY public.auth_user_groups
    ADD CONSTRAINT auth_user_groups_group_id_97559544_fk_auth_group_id FOREIGN KEY (group_id) REFERENCES public.auth_group(id) DEFERRABLE INITIALLY DEFERRED;


--
-- TOC entry 3308 (class 2606 OID 25049)
-- Name: auth_user_groups auth_user_groups_user_id_6a12ed8b_fk_auth_user_id; Type: FK CONSTRAINT; Schema: public; Owner: postgres
--

ALTER TABLE ONLY public.auth_user_groups
    ADD CONSTRAINT auth_user_groups_user_id_6a12ed8b_fk_auth_user_id FOREIGN KEY (user_id) REFERENCES public.auth_user(id) DEFERRABLE INITIALLY DEFERRED;


--
-- TOC entry 3309 (class 2606 OID 25068)
-- Name: auth_user_user_permissions auth_user_user_permi_permission_id_1fbb5f2c_fk_auth_perm; Type: FK CONSTRAINT; Schema: public; Owner: postgres
--

ALTER TABLE ONLY public.auth_user_user_permissions
    ADD CONSTRAINT auth_user_user_permi_permission_id_1fbb5f2c_fk_auth_perm FOREIGN KEY (permission_id) REFERENCES public.auth_permission(id) DEFERRABLE INITIALLY DEFERRED;


--
-- TOC entry 3310 (class 2606 OID 25063)
-- Name: auth_user_user_permissions auth_user_user_permissions_user_id_a95ead1b_fk_auth_user_id; Type: FK CONSTRAINT; Schema: public; Owner: postgres
--

ALTER TABLE ONLY public.auth_user_user_permissions
    ADD CONSTRAINT auth_user_user_permissions_user_id_a95ead1b_fk_auth_user_id FOREIGN KEY (user_id) REFERENCES public.auth_user(id) DEFERRABLE INITIALLY DEFERRED;


--
-- TOC entry 3311 (class 2606 OID 25084)
-- Name: django_admin_log django_admin_log_content_type_id_c4bce8eb_fk_django_co; Type: FK CONSTRAINT; Schema: public; Owner: postgres
--

ALTER TABLE ONLY public.django_admin_log
    ADD CONSTRAINT django_admin_log_content_type_id_c4bce8eb_fk_django_co FOREIGN KEY (content_type_id) REFERENCES public.django_content_type(id) DEFERRABLE INITIALLY DEFERRED;


--
-- TOC entry 3312 (class 2606 OID 25089)
-- Name: django_admin_log django_admin_log_user_id_c564eba6_fk_auth_user_id; Type: FK CONSTRAINT; Schema: public; Owner: postgres
--

ALTER TABLE ONLY public.django_admin_log
    ADD CONSTRAINT django_admin_log_user_id_c564eba6_fk_auth_user_id FOREIGN KEY (user_id) REFERENCES public.auth_user(id) DEFERRABLE INITIALLY DEFERRED;


--
-- TOC entry 3316 (class 2606 OID 25168)
-- Name: grup1_detalle grup1_detalle_idpedido_id_982171d1_fk_grup1_pedido_id; Type: FK CONSTRAINT; Schema: public; Owner: postgres
--

ALTER TABLE ONLY public.grup1_detalle
    ADD CONSTRAINT grup1_detalle_idpedido_id_982171d1_fk_grup1_pedido_id FOREIGN KEY (idpedido_id) REFERENCES public.grup1_pedido(id) DEFERRABLE INITIALLY DEFERRED;


--
-- TOC entry 3317 (class 2606 OID 25173)
-- Name: grup1_detalle grup1_detalle_idproducto_id_33a66a00_fk_grup1_producto_id; Type: FK CONSTRAINT; Schema: public; Owner: postgres
--

ALTER TABLE ONLY public.grup1_detalle
    ADD CONSTRAINT grup1_detalle_idproducto_id_33a66a00_fk_grup1_producto_id FOREIGN KEY (idproducto_id) REFERENCES public.grup1_producto(id) DEFERRABLE INITIALLY DEFERRED;


--
-- TOC entry 3313 (class 2606 OID 25197)
-- Name: grup1_pedido grup1_pedido_cliente_id_02d6dae8_fk_auth_user_id; Type: FK CONSTRAINT; Schema: public; Owner: postgres
--

ALTER TABLE ONLY public.grup1_pedido
    ADD CONSTRAINT grup1_pedido_cliente_id_02d6dae8_fk_auth_user_id FOREIGN KEY (cliente_id) REFERENCES public.auth_user(id) DEFERRABLE INITIALLY DEFERRED;


--
-- TOC entry 3314 (class 2606 OID 25155)
-- Name: grup1_pedido grup1_pedido_estado_id_65f3d9b9_fk_grup1_estado_idestado; Type: FK CONSTRAINT; Schema: public; Owner: postgres
--

ALTER TABLE ONLY public.grup1_pedido
    ADD CONSTRAINT grup1_pedido_estado_id_65f3d9b9_fk_grup1_estado_idestado FOREIGN KEY (estado_id) REFERENCES public.grup1_estado(idestado) DEFERRABLE INITIALLY DEFERRED;


--
-- TOC entry 3315 (class 2606 OID 25212)
-- Name: grup1_pedido grup1_pedido_vendedor_id_c185ce68_fk_auth_user_id; Type: FK CONSTRAINT; Schema: public; Owner: postgres
--

ALTER TABLE ONLY public.grup1_pedido
    ADD CONSTRAINT grup1_pedido_vendedor_id_c185ce68_fk_auth_user_id FOREIGN KEY (vendedor_id) REFERENCES public.auth_user(id) DEFERRABLE INITIALLY DEFERRED;


-- Completed on 2023-06-02 17:05:24

--
-- PostgreSQL database dump complete
--

